graph_id,grid_size,obstacle_density,weighted,algorithm,seed,success,path_length,path_cost,nodes_expanded,nodes_generated,max_frontier,runtime_ms
g15_d15_unit_7000,15,0.15,False,BFS,0,True,28,28.0,177,177,14,1.795399934053421
g15_d15_unit_7000,15,0.15,False,DFS,0,True,38,38.0,47,69,23,0.4579999949783087
g15_d15_unit_7000,15,0.15,False,IDS,0,True,28,28.0,6912,19582,18,38.74840005300939
g15_d15_unit_7000,15,0.15,False,UCS,0,True,28,28.0,177,177,14,1.241800026036799
g15_d15_unit_7000,15,0.15,False,Greedy,0,True,30,30.0,33,58,26,0.3322999691590667
g15_d15_unit_7000,15,0.15,False,A*,0,True,28,28.0,136,154,25,1.3229000614956021
g15_d15_weighted_7001,15,0.15,True,BFS,0,True,28,106.0,193,193,16,0.5345999961718917
g15_d15_weighted_7001,15,0.15,True,DFS,0,True,34,116.0,39,60,22,0.14400004874914885
g15_d15_weighted_7001,15,0.15,True,IDS,0,True,28,106.0,9571,27801,20,71.95979997050017
g15_d15_weighted_7001,15,0.15,True,UCS,0,True,34,70.0,193,193,24,1.1961000273004174
g15_d15_weighted_7001,15,0.15,True,Greedy,0,True,28,98.0,31,59,29,0.571400043554604
g15_d15_weighted_7001,15,0.15,True,A*,0,True,34,70.0,179,189,27,1.694599981419742
g15_d25_unit_7002,15,0.25,False,BFS,0,True,30,30.0,164,165,13,0.5814000032842159
g15_d25_unit_7002,15,0.25,False,DFS,0,True,44,44.0,90,112,25,0.3548000240698457
g15_d25_unit_7002,15,0.25,False,IDS,0,True,30,30.0,8699,23079,19,57.354999938979745
g15_d25_unit_7002,15,0.25,False,UCS,0,True,30,30.0,164,165,13,1.8692000303417444
g15_d25_unit_7002,15,0.25,False,Greedy,0,True,38,38.0,87,112,22,1.3288999907672405
g15_d25_unit_7002,15,0.25,False,A*,0,True,30,30.0,156,160,23,2.027799957431853
g15_d25_weighted_7003,15,0.25,True,BFS,0,True,28,88.0,163,163,13,0.4685999592766166
g15_d25_weighted_7003,15,0.25,True,DFS,0,True,30,96.0,58,78,21,0.21700002253055573
g15_d25_weighted_7003,15,0.25,True,IDS,0,True,28,88.0,5020,13197,20,26.58720000181347
g15_d25_weighted_7003,15,0.25,True,UCS,0,True,28,78.0,160,162,17,0.9178000036627054
g15_d25_weighted_7003,15,0.25,True,Greedy,0,True,28,90.0,30,56,27,0.3936000866815448
g15_d25_weighted_7003,15,0.25,True,A*,0,True,28,78.0,155,157,24,1.2931000674143434
g25_d15_unit_7004,25,0.15,False,BFS,0,True,48,48.0,533,533,23,2.0727000664919615
g25_d15_unit_7004,25,0.15,False,DFS,0,True,72,72.0,88,135,48,1.2745000422000885
g25_d15_unit_7004,25,0.15,False,IDS,0,True,48,48.0,77050,237188,38,456.98060002177954
g25_d15_unit_7004,25,0.15,False,UCS,0,True,48,48.0,533,533,23,2.522599999792874
g25_d15_unit_7004,25,0.15,False,Greedy,0,True,48,48.0,53,99,47,0.6016999250277877
g25_d15_unit_7004,25,0.15,False,A*,0,True,48,48.0,427,461,47,2.7466999599710107
g25_d15_weighted_7005,25,0.15,True,BFS,0,True,48,196.0,522,522,26,1.3307000044733286
g25_d15_weighted_7005,25,0.15,True,DFS,0,True,56,238.0,57,94,38,0.17090002074837685
g25_d15_weighted_7005,25,0.15,True,IDS,0,True,48,196.0,74462,221942,35,303.1058000633493
g25_d15_weighted_7005,25,0.15,True,UCS,0,True,48,118.0,522,522,37,2.8005000203847885
g25_d15_weighted_7005,25,0.15,True,Greedy,0,True,48,172.0,49,95,47,1.4449999434873462
g25_d15_weighted_7005,25,0.15,True,A*,0,True,48,118.0,517,522,62,7.958099944517016
g25_d25_unit_7006,25,0.25,False,BFS,0,True,48,48.0,462,462,25,1.1517000384628773
g25_d25_unit_7006,25,0.25,False,DFS,0,True,110,110.0,136,193,58,0.42180006857961416
g25_d25_unit_7006,25,0.25,False,IDS,0,True,48,48.0,59246,170503,31,376.82530004531145
g25_d25_unit_7006,25,0.25,False,UCS,0,True,48,48.0,462,462,25,4.772000014781952
g25_d25_unit_7006,25,0.25,False,Greedy,0,True,54,54.0,68,113,45,0.9583999635651708
g25_d25_unit_7006,25,0.25,False,A*,0,True,48,48.0,288,333,51,1.8512000096961856
g25_d25_weighted_7007,25,0.25,True,BFS,0,True,48,172.0,467,468,25,1.831799978390336
g25_d25_weighted_7007,25,0.25,True,DFS,0,True,58,190.0,61,99,39,0.20790006965398788
g25_d25_weighted_7007,25,0.25,True,IDS,0,True,48,172.0,56635,150391,31,288.35419996175915
g25_d25_weighted_7007,25,0.25,True,UCS,0,True,60,116.0,455,463,27,2.1527999779209495
g25_d25_weighted_7007,25,0.25,True,Greedy,0,True,50,144.0,51,91,41,1.7105999868363142
g25_d25_weighted_7007,25,0.25,True,A*,0,True,60,116.0,417,437,35,8.200999931432307
g35_d15_unit_7008,35,0.15,False,BFS,0,True,68,68.0,1056,1056,36,6.167500047013164
g35_d15_unit_7008,35,0.15,False,DFS,0,True,80,80.0,89,147,59,0.5580000579357147
g35_d15_unit_7008,35,0.15,False,IDS,0,True,68,68.0,327205,1054929,54,1597.3679999588057
g35_d15_unit_7008,35,0.15,False,UCS,0,True,68,68.0,1056,1056,36,5.468199960887432
g35_d15_unit_7008,35,0.15,False,Greedy,0,True,72,72.0,81,150,70,0.5422000540420413
g35_d15_unit_7008,35,0.15,False,A*,0,True,68,68.0,832,892,74,5.068999947980046
g35_d15_weighted_7009,35,0.15,True,BFS,0,True,68,262.0,1038,1038,34,2.6648000348359346
g35_d15_weighted_7009,35,0.15,True,DFS,0,True,98,348.0,113,173,61,0.3533000126481056
g35_d15_weighted_7009,35,0.15,True,IDS,0,True,68,262.0,317389,1000716,44,1435.7925000367686
g35_d15_weighted_7009,35,0.15,True,UCS,0,True,70,154.0,1037,1038,66,4.599900101311505
g35_d15_weighted_7009,35,0.15,True,Greedy,0,True,72,192.0,74,158,85,4.349500057287514
g35_d15_weighted_7009,35,0.15,True,A*,0,True,70,154.0,1032,1037,94,27.180499979294837
g35_d25_unit_7010,35,0.25,False,BFS,0,True,68,68.0,923,923,40,5.563499988056719
g35_d25_unit_7010,35,0.25,False,DFS,0,True,98,98.0,127,189,63,0.4311999073252082
g35_d25_unit_7010,35,0.25,False,IDS,0,True,68,68.0,210504,604183,47,1435.8018999919295
g35_d25_unit_7010,35,0.25,False,UCS,0,True,68,68.0,923,923,40,8.614900056272745
g35_d25_unit_7010,35,0.25,False,Greedy,0,True,78,78.0,87,153,67,1.5496000414714217
g35_d25_unit_7010,35,0.25,False,A*,0,True,68,68.0,457,528,78,6.215799949131906
g35_d25_weighted_7011,35,0.25,True,BFS,0,True,68,284.0,923,923,40,2.4116000859066844
g35_d25_weighted_7011,35,0.25,True,DFS,0,True,98,390.0,127,189,63,0.4112999886274338
g35_d25_weighted_7011,35,0.25,True,IDS,0,True,68,284.0,210504,604183,47,1029.89050000906
g35_d25_weighted_7011,35,0.25,True,UCS,0,True,68,196.0,922,923,43,4.3175999308004975
g35_d25_weighted_7011,35,0.25,True,Greedy,0,True,70,224.0,84,154,71,4.860399989411235
g35_d25_weighted_7011,35,0.25,True,A*,0,True,68,196.0,918,922,61,27.93870004825294
