graph_id,grid_size,obstacle_density,weighted,algorithm,seed,initialization,success,path_length,path_cost,final_fitness,generations,fitness_evaluations,runtime_ms,astar_seed_runtime_ms
g15_d15_unit_7000,15,0.15,False,GA,11,random,True,34,34.0,57.45,50,1500,185.03239995334297,0.0
g15_d15_unit_7000,15,0.15,False,GA,22,random,True,42,42.0,59.1,50,1500,167.93380002491176,0.0
g15_d15_unit_7000,15,0.15,False,GA,33,random,True,48,48.0,66.15,50,1500,163.13450003508478,0.0
g15_d15_unit_7000,15,0.15,False,GA,44,random,True,42,42.0,53.85,50,1500,205.37270000204444,0.0
g15_d15_unit_7000,15,0.15,False,GA,55,random,True,34,34.0,44.7,50,1500,178.99429996032268,0.0
g15_d15_unit_7000,15,0.15,False,GA-seeded,11,astar_seeded,True,28,28.0,29.4,50,1500,134.88330005202442,0.7877999451011419
g15_d15_unit_7000,15,0.15,False,GA-seeded,22,astar_seeded,True,28,28.0,29.4,50,1500,154.5625999569893,0.8189000654965639
g15_d15_unit_7000,15,0.15,False,GA-seeded,33,astar_seeded,True,28,28.0,29.4,50,1500,149.11060000304133,1.3451999984681606
g15_d15_unit_7000,15,0.15,False,GA-seeded,44,astar_seeded,True,28,28.0,29.4,50,1500,161.86460002791137,0.7794999983161688
g15_d15_unit_7000,15,0.15,False,GA-seeded,55,astar_seeded,True,28,28.0,29.4,50,1500,160.14239995274693,1.485200016759336
g15_d15_weighted_7001,15,0.15,True,GA,11,random,True,38,112.0,132.65,50,1500,206.9465999957174,0.0
g15_d15_weighted_7001,15,0.15,True,GA,22,random,True,40,130.0,179.25,50,1500,175.98549998365343,0.0
g15_d15_weighted_7001,15,0.15,True,GA,33,random,True,50,128.0,183.0,50,1500,162.6050000777468,0.0
g15_d15_weighted_7001,15,0.15,True,GA,44,random,True,52,158.0,198.1,50,1500,154.46089999750257,0.0
g15_d15_weighted_7001,15,0.15,True,GA,55,random,True,42,138.0,170.85,50,1500,174.99179998412728,0.0
g15_d15_weighted_7001,15,0.15,True,GA-seeded,11,astar_seeded,True,34,70.0,71.7,50,1500,183.43090009875596,3.417199943214655
g15_d15_weighted_7001,15,0.15,True,GA-seeded,22,astar_seeded,True,34,70.0,71.7,50,1500,203.7070000078529,4.094900097697973
g15_d15_weighted_7001,15,0.15,True,GA-seeded,33,astar_seeded,True,34,70.0,71.7,50,1500,141.05239999480546,1.4687000075355172
g15_d15_weighted_7001,15,0.15,True,GA-seeded,44,astar_seeded,True,34,70.0,71.7,50,1500,144.9246999109164,1.8933000974357128
g15_d15_weighted_7001,15,0.15,True,GA-seeded,55,astar_seeded,True,34,70.0,71.7,50,1500,136.80129998829216,1.5430999919772148
g15_d25_unit_7002,15,0.25,False,GA,11,random,True,38,38.0,75.9,50,1500,137.76239997241646,0.0
g15_d25_unit_7002,15,0.25,False,GA,22,random,True,36,36.0,64.8,50,1500,134.04100004117936,0.0
g15_d25_unit_7002,15,0.25,False,GA,33,random,True,60,60.0,117.75,50,1500,161.8496999144554,0.0
g15_d25_unit_7002,15,0.25,False,GA,44,random,True,46,46.0,88.05,50,1500,214.8360999999568,0.0
g15_d25_unit_7002,15,0.25,False,GA,55,random,False,,,1139.0,50,1500,193.8603000016883,0.0
g15_d25_unit_7002,15,0.25,False,GA-seeded,11,astar_seeded,True,30,30.0,31.5,50,1500,140.69100003689528,0.950200017541647
g15_d25_unit_7002,15,0.25,False,GA-seeded,22,astar_seeded,True,30,30.0,31.5,50,1500,127.78979993890971,0.8874000050127506
g15_d25_unit_7002,15,0.25,False,GA-seeded,33,astar_seeded,True,30,30.0,31.5,50,1500,121.23000004794449,0.8583000162616372
g15_d25_unit_7002,15,0.25,False,GA-seeded,44,astar_seeded,True,30,30.0,31.5,50,1500,135.47720003407449,1.72149995341897
g15_d25_unit_7002,15,0.25,False,GA-seeded,55,astar_seeded,True,30,30.0,31.5,50,1500,155.66000004764646,0.9099999442696571
g15_d25_weighted_7003,15,0.25,True,GA,11,random,True,46,114.0,163.55,50,1500,183.4794000023976,0.0
g15_d25_weighted_7003,15,0.25,True,GA,22,random,True,52,160.0,230.1,50,1500,152.25939999800175,0.0
g15_d25_weighted_7003,15,0.25,True,GA,33,random,True,40,118.0,142.5,50,1500,143.13940005376935,0.0
g15_d25_weighted_7003,15,0.25,True,GA,44,random,True,44,118.0,153.95,50,1500,159.12239998579025,0.0
g15_d25_weighted_7003,15,0.25,True,GA,55,random,True,46,122.0,175.3,50,1500,161.6441000951454,0.0
g15_d25_weighted_7003,15,0.25,True,GA-seeded,11,astar_seeded,True,28,78.0,79.4,50,1500,132.1664999704808,2.336599980480969
g15_d25_weighted_7003,15,0.25,True,GA-seeded,22,astar_seeded,True,28,78.0,79.4,50,1500,140.6042999587953,1.5205999370664358
g15_d25_weighted_7003,15,0.25,True,GA-seeded,33,astar_seeded,True,28,78.0,79.4,50,1500,127.71510006859899,1.2117999140173197
g15_d25_weighted_7003,15,0.25,True,GA-seeded,44,astar_seeded,True,28,78.0,79.4,50,1500,131.09739997889847,1.4144000597298145
g15_d25_weighted_7003,15,0.25,True,GA-seeded,55,astar_seeded,True,28,78.0,79.4,50,1500,146.4453999651596,1.2073999969288707
g25_d15_unit_7004,25,0.15,False,GA,11,random,True,68,68.0,85.65,50,1500,279.20860005542636,0.0
g25_d15_unit_7004,25,0.15,False,GA,22,random,True,80,80.0,108.0,50,1500,334.5780000090599,0.0
g25_d15_unit_7004,25,0.15,False,GA,33,random,True,72,72.0,103.35,50,1500,336.86130004934967,0.0
g25_d15_unit_7004,25,0.15,False,GA,44,random,True,86,86.0,128.55,50,1500,663.2993000093848,0.0
g25_d15_unit_7004,25,0.15,False,GA,55,random,True,58,58.0,72.9,50,1500,451.65660011116415,0.0
g25_d15_unit_7004,25,0.15,False,GA-seeded,11,astar_seeded,True,48,48.0,50.4,50,1500,477.7185000712052,5.583000020124018
g25_d15_unit_7004,25,0.15,False,GA-seeded,22,astar_seeded,True,48,48.0,50.4,50,1500,494.963200064376,3.2152999192476273
g25_d15_unit_7004,25,0.15,False,GA-seeded,33,astar_seeded,True,48,48.0,50.4,50,1500,521.6245000483468,2.371200011111796
g25_d15_unit_7004,25,0.15,False,GA-seeded,44,astar_seeded,True,48,48.0,50.4,50,1500,519.7981999954209,6.133400020189583
g25_d15_unit_7004,25,0.15,False,GA-seeded,55,astar_seeded,True,48,48.0,50.4,50,1500,395.8018999546766,5.432299920357764
g25_d15_weighted_7005,25,0.15,True,GA,11,random,True,94,330.0,407.45,50,1500,509.05789993703365,0.0
g25_d15_weighted_7005,25,0.15,True,GA,22,random,True,88,302.0,376.9,50,1500,431.98629992548376,0.0
g25_d15_weighted_7005,25,0.15,True,GA,33,random,True,90,280.0,337.75,50,1500,439.977900008671,0.0
g25_d15_weighted_7005,25,0.15,True,GA,44,random,False,,,1417.25,50,1500,501.6113999299705,0.0
g25_d15_weighted_7005,25,0.15,True,GA,55,random,True,78,220.0,270.4,50,1500,563.0635999841616,0.0
g25_d15_weighted_7005,25,0.15,True,GA-seeded,11,astar_seeded,True,48,118.0,120.4,50,1500,870.3150999499485,22.94880000408739
g25_d15_weighted_7005,25,0.15,True,GA-seeded,22,astar_seeded,True,48,118.0,120.4,50,1500,823.3830999815837,24.446099996566772
g25_d15_weighted_7005,25,0.15,True,GA-seeded,33,astar_seeded,True,48,118.0,120.4,50,1500,770.9277000976726,23.00769998691976
g25_d15_weighted_7005,25,0.15,True,GA-seeded,44,astar_seeded,True,48,118.0,120.4,50,1500,922.5201000226662,18.920299946330488
g25_d15_weighted_7005,25,0.15,True,GA-seeded,55,astar_seeded,True,48,118.0,120.4,50,1500,804.0119999786839,28.43169996049255
g25_d25_unit_7006,25,0.25,False,GA,11,random,True,126,126.0,199.05,50,1500,630.529300076887,0.0
g25_d25_unit_7006,25,0.25,False,GA,22,random,False,,,1238.75,50,1500,774.468999938108,0.0
g25_d25_unit_7006,25,0.25,False,GA,33,random,False,,,1259.0,50,1500,812.230599927716,0.0
g25_d25_unit_7006,25,0.25,False,GA,44,random,False,,,1250.25,50,1500,644.1678000846878,0.0
g25_d25_unit_7006,25,0.25,False,GA,55,random,True,92,92.0,150.6,50,1500,457.3350000428036,0.0
g25_d25_unit_7006,25,0.25,False,GA-seeded,11,astar_seeded,True,48,48.0,50.4,50,1500,502.22320004832,2.17660004273057
g25_d25_unit_7006,25,0.25,False,GA-seeded,22,astar_seeded,True,48,48.0,50.4,50,1500,412.31320006772876,3.159999963827431
g25_d25_unit_7006,25,0.25,False,GA-seeded,33,astar_seeded,True,48,48.0,50.4,50,1500,480.02439993433654,3.047600039280951
g25_d25_unit_7006,25,0.25,False,GA-seeded,44,astar_seeded,True,48,48.0,50.4,50,1500,513.7516000540927,3.6983999889343977
g25_d25_unit_7006,25,0.25,False,GA-seeded,55,astar_seeded,True,48,48.0,50.4,50,1500,441.4855999639258,1.9096999894827604
g25_d25_weighted_7007,25,0.25,True,GA,11,random,True,102,284.0,370.1,50,1500,464.4442000426352,0.0
g25_d25_weighted_7007,25,0.25,True,GA,22,random,False,,,1560.25,50,1500,531.451000017114,0.0
g25_d25_weighted_7007,25,0.25,True,GA,33,random,True,112,322.0,413.1,50,1500,529.5032999711111,0.0
g25_d25_weighted_7007,25,0.25,True,GA,44,random,True,82,264.0,339.35,50,1500,383.84400005452335,0.0
g25_d25_weighted_7007,25,0.25,True,GA,55,random,True,100,310.0,398.25,50,1500,349.69469998031855,0.0
g25_d25_weighted_7007,25,0.25,True,GA-seeded,11,astar_seeded,True,60,116.0,119.0,50,1500,361.04300001170486,6.138499942608178
g25_d25_weighted_7007,25,0.25,True,GA-seeded,22,astar_seeded,True,60,116.0,119.0,50,1500,371.3990000542253,13.200700050219893
g25_d25_weighted_7007,25,0.25,True,GA-seeded,33,astar_seeded,True,60,116.0,119.0,50,1500,345.28569993562996,7.6540999580174685
g25_d25_weighted_7007,25,0.25,True,GA-seeded,44,astar_seeded,True,60,116.0,119.0,50,1500,375.1549000153318,10.36529999691993
g25_d25_weighted_7007,25,0.25,True,GA-seeded,55,astar_seeded,True,60,116.0,119.0,50,1500,368.7274999683723,11.118800030089915
g35_d15_unit_7008,35,0.15,False,GA,11,random,True,118,118.0,168.15,50,1500,902.2974000545219,0.0
g35_d15_unit_7008,35,0.15,False,GA,22,random,True,162,162.0,227.85,50,1500,1128.5808000247926,0.0
g35_d15_unit_7008,35,0.15,False,GA,33,random,False,,,1297.75,50,1500,1421.621499932371,0.0
g35_d15_unit_7008,35,0.15,False,GA,44,random,True,154,154.0,256.2,50,1500,1036.3367999671027,0.0
g35_d15_unit_7008,35,0.15,False,GA,55,random,True,120,120.0,198.75,50,1500,524.8087999643758,0.0
g35_d15_unit_7008,35,0.15,False,GA-seeded,11,astar_seeded,True,68,68.0,71.4,50,1500,610.7174000935629,10.721700033172965
g35_d15_unit_7008,35,0.15,False,GA-seeded,22,astar_seeded,True,68,68.0,71.4,50,1500,555.3432999877259,6.6720000468194485
g35_d15_unit_7008,35,0.15,False,GA-seeded,33,astar_seeded,True,68,68.0,71.4,50,1500,629.0602000663057,4.72339999396354
g35_d15_unit_7008,35,0.15,False,GA-seeded,44,astar_seeded,True,68,68.0,71.4,50,1500,577.7829999569803,10.622299974784255
g35_d15_unit_7008,35,0.15,False,GA-seeded,55,astar_seeded,True,68,68.0,71.4,50,1500,552.0149000221863,11.496699997223914
g35_d15_weighted_7009,35,0.15,True,GA,11,random,True,148,500.0,598.15,50,1500,661.7469000630081,0.0
g35_d15_weighted_7009,35,0.15,True,GA,22,random,True,148,518.0,643.9,50,1500,678.803899907507,0.0
g35_d15_weighted_7009,35,0.15,True,GA,33,random,True,124,394.0,474.45,50,1500,795.0440000277013,0.0
g35_d15_weighted_7009,35,0.15,True,GA,44,random,False,,,1759.0,50,1500,668.5032000532374,0.0
g35_d15_weighted_7009,35,0.15,True,GA,55,random,True,156,504.0,598.05,50,1500,712.0973999844864,0.0
g35_d15_weighted_7009,35,0.15,True,GA-seeded,11,astar_seeded,True,70,154.0,157.5,50,1500,1001.6852000262588,48.423999920487404
g35_d15_weighted_7009,35,0.15,True,GA-seeded,22,astar_seeded,True,70,154.0,157.5,50,1500,1019.4275999674574,73.92630004324019
g35_d15_weighted_7009,35,0.15,True,GA-seeded,33,astar_seeded,True,70,154.0,157.5,50,1500,746.1517999181524,55.7225999655202
g35_d15_weighted_7009,35,0.15,True,GA-seeded,44,astar_seeded,True,70,154.0,157.5,50,1500,809.9820000352338,62.20280006527901
g35_d15_weighted_7009,35,0.15,True,GA-seeded,55,astar_seeded,True,70,154.0,157.5,50,1500,917.1527000144124,51.91229993943125
g35_d25_unit_7010,35,0.25,False,GA,11,random,False,,,1383.75,50,1500,723.4185000415891,0.0
g35_d25_unit_7010,35,0.25,False,GA,22,random,True,132,132.0,252.6,50,1500,690.1982000563294,0.0
g35_d25_unit_7010,35,0.25,False,GA,33,random,False,,,1335.5,50,1500,778.4029999747872,0.0
g35_d25_unit_7010,35,0.25,False,GA,44,random,False,,,1401.0,50,1500,898.821400012821,0.0
g35_d25_unit_7010,35,0.25,False,GA,55,random,False,,,1408.75,50,1500,760.3194999974221,0.0
g35_d25_unit_7010,35,0.25,False,GA-seeded,11,astar_seeded,True,68,68.0,71.4,50,1500,658.8552000466734,5.5553000420331955
g35_d25_unit_7010,35,0.25,False,GA-seeded,22,astar_seeded,True,68,68.0,71.4,50,1500,658.2124999258667,3.231000038795173
g35_d25_unit_7010,35,0.25,False,GA-seeded,33,astar_seeded,True,68,68.0,71.4,50,1500,571.7508000088856,3.1664000125601888
g35_d25_unit_7010,35,0.25,False,GA-seeded,44,astar_seeded,True,68,68.0,71.4,50,1500,591.8399000074714,5.360700073651969
g35_d25_unit_7010,35,0.25,False,GA-seeded,55,astar_seeded,True,68,68.0,71.4,50,1500,571.939600049518,3.380299895070493
g35_d25_weighted_7011,35,0.25,True,GA,11,random,False,,,1743.5,50,1500,648.5258999746293,0.0
g35_d25_weighted_7011,35,0.25,True,GA,22,random,True,140,488.0,582.75,50,1500,610.2489000186324,0.0
g35_d25_weighted_7011,35,0.25,True,GA,33,random,False,,,1769.75,50,1500,631.410300033167,0.0
g35_d25_weighted_7011,35,0.25,True,GA,44,random,False,,,1961.75,50,1500,619.4539999123663,0.0
g35_d25_weighted_7011,35,0.25,True,GA,55,random,False,,,1900.25,50,1500,646.2347999913618,0.0
g35_d25_weighted_7011,35,0.25,True,GA-seeded,11,astar_seeded,True,68,196.0,199.4,50,1500,695.1840999536216,40.47289991285652
g35_d25_weighted_7011,35,0.25,True,GA-seeded,22,astar_seeded,True,68,196.0,199.4,50,1500,782.9981000395492,37.983300047926605
g35_d25_weighted_7011,35,0.25,True,GA-seeded,33,astar_seeded,True,68,196.0,199.4,50,1500,651.0614999569952,34.85190006904304
g35_d25_weighted_7011,35,0.25,True,GA-seeded,44,astar_seeded,True,68,196.0,199.4,50,1500,650.2257999964058,34.1586999129504
g35_d25_weighted_7011,35,0.25,True,GA-seeded,55,astar_seeded,True,68,196.0,199.4,50,1500,573.1343999505043,31.048400094732642
